AUPRC,ROC_AUC,Precision,Recall,F1,Threshold,CM_TN,CM_FP,CM_FN,CM_TP,Model,Strategy
0.8621724108554063,0.9694874155610205,0.8876404494382022,0.8315789473684211,0.8586956521739131,0.46,56641,10,16,79,Random_Forest,smote
0.8607174101702048,0.955872196244968,0.9146341463414634,0.7894736842105263,0.847457627118644,0.45,56644,7,20,75,Random_Forest,baseline
0.8446728540997653,0.976877446303266,0.8641975308641975,0.7368421052631579,0.7954545454545454,0.89,56640,11,25,70,Random_Forest,under
0.7650691056909984,0.9768553349269629,0.7934782608695652,0.7684210526315789,0.7807486631016043,0.9496160343695156,56632,19,22,73,Logistic_Regression,smote
0.7631181720909689,0.9837280709496464,0.7849462365591398,0.7684210526315789,0.776595744680851,0.09684207544640758,56631,20,22,73,Logistic_Regression,baseline
0.6849316118678508,0.980624767156988,0.6822429906542056,0.7684210526315789,0.7227722772277227,0.9613092338221859,56617,34,22,73,Logistic_Regression,under
0.09700410702673709,0.9587659064874592,0.10993975903614457,0.7684210526315789,0.19235836627140976,1.0,56060,591,22,73,Naives_Bayes,smote
0.09220900177105155,0.9670692857189308,0.10393258426966293,0.7789473684210526,0.18339529120198264,0.9999999999999858,56013,638,21,74,Naives_Bayes,baseline
0.09186275982183874,0.967451217937343,0.10407876230661041,0.7789473684210526,0.18362282878411912,1.0,56014,637,21,74,Naives_Bayes,under
