{
    "model_name": "Random_Forest",
    "sampling_strategy": "smote",
    "threshold": 0.485,
    "features": [
        "Time",
        "V1",
        "V2",
        "V3",
        "V4",
        "V5",
        "V6",
        "V7",
        "V8",
        "V9",
        "V10",
        "V11",
        "V12",
        "V13",
        "V14",
        "V15",
        "V16",
        "V17",
        "V18",
        "V19",
        "V20",
        "V21",
        "V22",
        "V23",
        "V24",
        "V25",
        "V26",
        "V27",
        "V28",
        "Amount"
    ],
    "training_date": "2026-05-07T13:57:44.700907+00:00",
    "metrics": {
        "AUPRC": 0.8682785970958892,
        "ROC_AUC": 0.9773213461182921,
        "Precision": 0.9186046511627907,
        "Recall": 0.8315789473684211,
        "F1": 0.8729281767955801
    }
}